link,content
https://www.instagram.com/p/DADpg7UMwDS/,No text available
https://www.instagram.com/p/C9FseRNsyl1/,No text available
https://www.instagram.com/p/DBgvfbvREbY/,No text available
https://www.instagram.com/p/C_JZhTfyKRz/,No text available
https://www.instagram.com/p/DAyaKZERWcX/,No text available
https://www.instagram.com/p/Cral6klojIE/,No text available
https://www.instagram.com/p/C9gHDVYMzsS/,No text available
https://www.instagram.com/p/DAYnUcgt5Zw/,No text available
https://www.instagram.com/p/C5G27xNs9rj/,No text available
https://www.instagram.com/p/DBmMiSNPBSv/,No text available
https://www.instagram.com/p/C9DdY1DMvwd/,No text available
https://www.instagram.com/p/DDQIeAKSMvt/,No text available
https://www.instagram.com/p/C8x-BJDMXzb/,No text available
https://www.instagram.com/p/DBCjXSrM2Uq/,No text available
https://www.instagram.com/p/C87ZUdNMtnk/,No text available
https://www.instagram.com/p/DARO2_2ShG7/,No text available
https://www.instagram.com/p/C_YcOqpNKAL/,No text available
https://www.instagram.com/p/C9LUYikM1jl/,No text available
https://www.instagram.com/p/C9KbvaTsF6u/,No text available
https://www.instagram.com/p/DAKPP2Et71C/,No text available
