post_link,content,user,profile_url,likes
https://www.instagram.com/p/DARO2_2ShG7/,No text available,,https://www.instagram.com/ballsnstrikes_pythons/,Could not retrieve
https://www.instagram.com/p/C-wW0C5sJqJ/,No text available,,https://www.instagram.com/superiorscalesreptiles_ig/,Could not retrieve
https://www.instagram.com/p/DAdP8rbMyBg/,No text available,,https://www.instagram.com/stabiaregius/,Could not retrieve
https://www.instagram.com/p/C-OT96ySGp1/,No text available,,https://www.instagram.com/stevesmorphs/,Could not retrieve
https://www.instagram.com/p/DAyaKZERWcX/,No text available,,https://www.instagram.com/mollyburgessdesigns/,Could not retrieve
https://www.instagram.com/p/DAq-GaDMABj/,No text available,praguemorphs,https://www.instagram.com/praguemorphs/,Could not retrieve
https://www.instagram.com/p/DAYnUcgt5Zw/,No text available,thereptilereportofficial,https://www.instagram.com/thereptilereportofficial/,Could not retrieve
https://www.instagram.com/p/C9DdY1DMvwd/,No text available,,https://www.instagram.com/takatukapythons/,Could not retrieve
https://www.instagram.com/p/C_JZhTfyKRz/,No text available,,https://www.instagram.com/morphmarket/,Could not retrieve
https://www.instagram.com/p/DADpg7UMwDS/,No text available,,https://www.instagram.com/urban_constrictors/,Could not retrieve
