post_link,content,user,profile_url,followers
https://www.instagram.com/p/DAq-GaDMABj/,No text available,praguemorphs,https://www.instagram.com/praguemorphs/,3452
https://www.instagram.com/p/DAECtH3MBSk/,No text available,,https://www.instagram.com/snakesrealm/,Could not retrieve
https://www.instagram.com/p/C-wW0C5sJqJ/,No text available,,https://www.instagram.com/superiorscalesreptiles_ig/,Could not retrieve
https://www.instagram.com/p/C9DdY1DMvwd/,No text available,,https://www.instagram.com/takatukapythons/,Could not retrieve
https://www.instagram.com/p/DBmMiSNPBSv/,No text available,,https://www.instagram.com/discovery/,Could not retrieve
https://www.instagram.com/p/DAyaKZERWcX/,No text available,,https://www.instagram.com/mollyburgessdesigns/,Could not retrieve
https://www.instagram.com/p/DARO2_2ShG7/,No text available,,https://www.instagram.com/ballsnstrikes_pythons/,Could not retrieve
https://www.instagram.com/p/DA0p3-PhLqp/,No text available,gtpatrick.tx,https://www.instagram.com/gtpatrick.tx/,4728
https://www.instagram.com/p/DAYnUcgt5Zw/,No text available,thereptilereportofficial,https://www.instagram.com/thereptilereportofficial/,31ë§Œ
https://www.instagram.com/p/DADpg7UMwDS/,No text available,,https://www.instagram.com/urban_constrictors/,Could not retrieve
